model,price,Evaluate
Activ Leather Lace Up Pewter Grey Sneakers,549.00 جنيه,4 out of 5
Activ Navy Blue & White Casual Lace Up Sneakers,549.00 جنيه,4.2 out of 5
Desert سنيكرز رياضية حريمي بخامة نسيجية – تصميم مطبوع,219.00 جنيه,4.2 out of 5
Desert سنيكرز رياضية حريمي بخامة نسيجية – تصميم مطبوع,219.00 جنيه,3.6 out of 5
Activ Leather Lace Up Navy Blue Sneakers,549.00 جنيه,4.1 out of 5
Activ Lace Up Perforated Leather Sneakers - Navy Blue,549.00 جنيه,4.2 out of 5
كوتشى كحلى رجالى,290.00 جنيه,4 out of 5
كوتشى كاجوال برباط - ابيض,320.00 جنيه,4.3 out of 5
Desert سنيكرز رياضية حريمي بخامة نسيجية – تصميم مطبوع,219.00 جنيه,4.6 out of 5
كوتشي حريمي كاجوال ابيض,155.00 جنيه - 269.00 جنيه,4.2 out of 5
حذاء سنيكرز سهل الارتداء الراحة والأناقة في خطوة واحدة - أسود,199.99 جنيه,4.2 out of 5
Activ Lace Up Perforated Leather Sneakers - Grey,549.00 جنيه,4.2 out of 5
Desert سنيكرز رياضية حريمي بخامة نسيجية – تصميم مطبوع,219.00 جنيه,4 out of 5
Activ Leather Lace Up Black Sneakers,549.00 جنيه,4.3 out of 5
Starter ستارتر لايف ستايل سنيكر للرجال - ابيض,"1,590.00 جنيه",4.2 out of 5
Desert سنيكرز فلات بسيط برباط أمامي ابيض,239.00 جنيه,5 out of 5
General كوتشي بي فايف زيتي,190.80 جنيه,4 out of 5
General كوتشي بي فايف لبني,190.80 جنيه,3.9 out of 5
Desert سنيكرز فلات بسيط برباط أمامي ابيض,239.00 جنيه,5 out of 5
فرش طبي حذاء رجالي,105.00 جنيه,4.5 out of 5
كوتشي بي فايف بني,190.80 جنيه,3.9 out of 5
Desert فاشون فلات سنيكرز برباط  اسود,219.00 جنيه,4 out of 5
كوتشي برباط كاجوال - لون بيج,493.00 جنيه,3.9 out of 5
كوتشي حريمي كاجوال ابيض,155.00 جنيه - 269.00 جنيه,4.2 out of 5
Desert كوتشي فلات بنعل فلات جلد للرجال,219.00 جنيه,3.5 out of 5
Starter ستارتر لايف ستايل سنيكر للرجال - ابيض,"1,590.00 جنيه",5 out of 5
Activ Lace-Up Mesh Black Sneakers,"1,799.00 جنيه",5 out of 5
كوتشي برباط كاجوال -هافان,499.00 جنيه,3.9 out of 5
General كوتشي بي فايف اسود,190.80 جنيه - 238.50 جنيه,3.9 out of 5
Desert كوتشي فلات بنعل فلات جلد للرجال,219.00 جنيه,4.5 out of 5
Starter EliteSteps Men Sneakers - Navy,"1,113.00 جنيه",4.6 out of 5
Activ Round Toecap Shape Men Trekking Sneakers - Black,"2,299.00 جنيه",3.8 out of 5
Activ Dark Grey Lightweight Running Sneakers,"1,999.00 جنيه",3.7 out of 5
Fashion Sneakers - Black,255.00 جنيه,2.7 out of 5
Starter EliteSteps Men Sneakers - Black,"1,113.00 جنيه",3.5 out of 5
كوتشي كاجوال سهل الارتداء,155.00 جنيه - 229.00 جنيه,3.7 out of 5
Activ حذاء رياضي شبكي سهل الارتداء باللون الأسود,"1,899.00 جنيه",5 out of 5
حذاء سنيكرز سهل الارتداء الراحة والأناقة في خطوة واحدة - رمادى,199.99 جنيه,3.8 out of 5
كوتشي برباط كاجوال - لون ابيض في اسود,493.00 جنيه,4.5 out of 5
حذاء سنيكرز سهل الارتداء الراحة والأناقة في خطوة واحدة - كحلى,199.99 جنيه,3.4 out of 5
Activ Leather Lace Up Pewter Grey Sneakers,549.00 جنيه,4 out of 5
Activ Navy Blue & White Casual Lace Up Sneakers,549.00 جنيه,4.2 out of 5
Desert سنيكرز رياضية حريمي بخامة نسيجية – تصميم مطبوع,219.00 جنيه,4.2 out of 5
Desert سنيكرز رياضية حريمي بخامة نسيجية – تصميم مطبوع,219.00 جنيه,3.6 out of 5
Activ Leather Lace Up Navy Blue Sneakers,549.00 جنيه,4.1 out of 5
Activ Lace Up Perforated Leather Sneakers - Navy Blue,549.00 جنيه,4.2 out of 5
كوتشى كحلى رجالى,290.00 جنيه,4 out of 5
كوتشى كاجوال برباط - ابيض,320.00 جنيه,4.3 out of 5
Desert سنيكرز رياضية حريمي بخامة نسيجية – تصميم مطبوع,219.00 جنيه,4.6 out of 5
كوتشي حريمي كاجوال ابيض,155.00 جنيه - 269.00 جنيه,4.2 out of 5
حذاء سنيكرز سهل الارتداء الراحة والأناقة في خطوة واحدة - أسود,199.99 جنيه,4.2 out of 5
Activ Lace Up Perforated Leather Sneakers - Grey,549.00 جنيه,4.2 out of 5
Desert سنيكرز رياضية حريمي بخامة نسيجية – تصميم مطبوع,219.00 جنيه,4 out of 5
Activ Leather Lace Up Black Sneakers,549.00 جنيه,4.3 out of 5
Starter ستارتر لايف ستايل سنيكر للرجال - ابيض,"1,590.00 جنيه",4.2 out of 5
Desert سنيكرز فلات بسيط برباط أمامي ابيض,239.00 جنيه,5 out of 5
General كوتشي بي فايف زيتي,190.80 جنيه,4 out of 5
General كوتشي بي فايف لبني,190.80 جنيه,3.9 out of 5
Desert سنيكرز فلات بسيط برباط أمامي ابيض,239.00 جنيه,5 out of 5
فرش طبي حذاء رجالي,105.00 جنيه,4.5 out of 5
كوتشي بي فايف بني,190.80 جنيه,3.9 out of 5
Desert فاشون فلات سنيكرز برباط  اسود,219.00 جنيه,4 out of 5
كوتشي برباط كاجوال - لون بيج,493.00 جنيه,3.9 out of 5
كوتشي حريمي كاجوال ابيض,155.00 جنيه - 269.00 جنيه,4.2 out of 5
Desert كوتشي فلات بنعل فلات جلد للرجال,219.00 جنيه,3.5 out of 5
Starter ستارتر لايف ستايل سنيكر للرجال - ابيض,"1,590.00 جنيه",5 out of 5
Activ Lace-Up Mesh Black Sneakers,"1,799.00 جنيه",5 out of 5
كوتشي برباط كاجوال -هافان,499.00 جنيه,3.9 out of 5
General كوتشي بي فايف اسود,190.80 جنيه - 238.50 جنيه,3.9 out of 5
Desert كوتشي فلات بنعل فلات جلد للرجال,219.00 جنيه,4.5 out of 5
Starter EliteSteps Men Sneakers - Navy,"1,113.00 جنيه",4.6 out of 5
Activ Round Toecap Shape Men Trekking Sneakers - Black,"2,299.00 جنيه",3.8 out of 5
Activ Dark Grey Lightweight Running Sneakers,"1,999.00 جنيه",3.7 out of 5
Fashion Sneakers - Black,255.00 جنيه,2.7 out of 5
Starter EliteSteps Men Sneakers - Black,"1,113.00 جنيه",3.5 out of 5
كوتشي كاجوال سهل الارتداء,155.00 جنيه - 229.00 جنيه,3.7 out of 5
Activ حذاء رياضي شبكي سهل الارتداء باللون الأسود,"1,899.00 جنيه",5 out of 5
حذاء سنيكرز سهل الارتداء الراحة والأناقة في خطوة واحدة - رمادى,199.99 جنيه,3.8 out of 5
كوتشي برباط كاجوال - لون ابيض في اسود,493.00 جنيه,4.5 out of 5
حذاء سنيكرز سهل الارتداء الراحة والأناقة في خطوة واحدة - كحلى,199.99 جنيه,3.4 out of 5
كوتشى أسود رجالى,265.00 جنيه,3.7 out of 5
Activ Dary Grey Knit Lace-up Sneakers,899.00 جنيه,5 out of 5
Activ Casual Trendy Black with Touch of Silver Sneakers,"1,799.00 جنيه",5 out of 5
كوتشي حريمي ابيض نبض,155.00 جنيه - 229.00 جنيه,4.4 out of 5
كوتشى أسود رجالى,265.00 جنيه,3.5 out of 5
Starter ستارتر لايف ستايل سنيكر للرجال - اسود,"1,590.00 جنيه",5 out of 5
Starter PowerStep Men Sneakers - Grey,"1,356.00 جنيه",5 out of 5
Starter ستارتر لايف ستايل سنيكر للرجال - كحلى,"1,590.00 جنيه",5 out of 5
Activ Shiny Mesh Dark Grey & Grey Sneakers,899.00 جنيه,4.7 out of 5
Activ Heather White & Cloud Grey Lace-Up Sneakers,"1,999.00 جنيه",5 out of 5
Starter ستارتر لايف ستايل سنيكر للرجال - ابيض,"1,590.00 جنيه",4 out of 5
كوتشي حريمي كاجوال ابيض,155.00 جنيه - 269.00 جنيه,3.6 out of 5
Activ Perforated Pattern Lace Up Sneakers - White & Navy Blue,"2,249.00 جنيه - 2,999.00 جنيه",3.7 out of 5
Starter Urban Flex Men Sneakers - Black,"1,186.50 جنيه",4.3 out of 5
Activ Round Toecap Lace Up Sneakers - Navy Blue,"2,299.00 جنيه",5 out of 5
Activ Heather Fossil Grey Slip-In Sneakers,"1,999.00 جنيه",No rating
Activ حذاء رياضي شبكي سهل الارتداء باللون الوردي,"1,899.00 جنيه",5 out of 5
Activ حذاء رياضي من القماش برباط - أبيض وأسود,"2,499.00 جنيه",No rating
Casual Lace Up Sneakers - Brown,930.00 جنيه,No rating
Activ Lace-Up Mesh Navy Blue Sneakers,899.00 جنيه,2 out of 5
Activ Heather Black Slip-In Sneakers,"1,999.00 جنيه",5 out of 5
Starter Starter Strider Men Sneakers - Black,"1,695.00 جنيه",5 out of 5
"Activ Slip On Canvas Shoes - Black, Baby Blue & Grey","1,259.00 جنيه",4.5 out of 5
Activ Black and Red Round Toecap Athletic Sneakers,"2,499.00 جنيه",3 out of 5
Activ Comfy Mesh Black & White Sneakers,"2,299.00 جنيه",No rating
Starter Urban Flex Men Sneakers - Navy,"1,186.50 جنيه",3 out of 5
Activ Nubuck Lace Up Sneakers - Dark Grey & Orange,"2,249.00 جنيه",5 out of 5
Activ Round Toecap Textile Sneakers - Navy Blue & Yellow,"1,979.00 جنيه",5 out of 5
Activ Heather Navy Blue Slip-In Sneakers,"2,999.00 جنيه",No rating
Activ Mesh Comfy Lace Up Black Sneakers,"2,699.00 جنيه",5 out of 5
Starter ActiveFusion Men Sneakers - Brown,"1,356.00 جنيه",4 out of 5
Starter PowerStep Men Sneakers - Navy,"1,356.00 جنيه",3.2 out of 5
Activ Black With Red Stitched Details Lace Up Sneakers,"2,119.00 جنيه",5 out of 5
Starter ActiveFusion Men Sneakers - Navy,"1,356.00 جنيه",4.9 out of 5
Activ Leather Turquoise & Fossil Grey Hiking Sneakers,"2,999.00 جنيه",5 out of 5
Activ Comfy Mesh Navy Blue & Tiger Orange Sneakers,"2,299.00 جنيه",5 out of 5
Starter ActiveFusion Men Sneakers - Black,"1,356.00 جنيه",3.8 out of 5
Activ Navy Blue with Touch of Tiger Orange Comfy Sneakers,"2,429.00 جنيه",5 out of 5
Activ Multi-Material Fossil Grey & Black Trendy Sneakers,"2,519.00 جنيه",5 out of 5
Activ Shades of Blue Round Toecap Athletic Sneakers,"2,249.00 جنيه",4.3 out of 5
